Fold,Accuracy,F1_Score,Macro_Precision,Macro_Recall
1,0.6666666666666666,0.6666666666666666,0.6666666666666666,0.6666666666666666
2,0.4,0.2857142857142857,0.3333333333333333,0.25
3,0.6,0.5833333333333333,0.6666666666666666,0.75
4,0.6,0.5833333333333333,0.5833333333333333,0.5833333333333333
5,0.4,0.2857142857142857,0.5,NaN
Average,0.5333333333333333,0.48095238095238085,0.55,NaN
