Fold,Accuracy,F1_Score,Macro_Precision,Macro_Recall
1,0.42857142857142855,0.26666666666666666,NaN,NaN
2,0.7142857142857143,0.4142857142857142,NaN,NaN
3,0.5,0.2916666666666666,0.375,NaN
4,0.5,0.35000000000000003,0.375,NaN
Average,0.5357142857142857,0.3306547619047619,NaN,NaN
