Fold,Accuracy,F1_Score,Macro_Precision,Macro_Recall
1,0.2222222222222222,0.11666666666666667,0.16666666666666666,NaN
2,0.4444444444444444,0.26666666666666666,NaN,NaN
3,0.375,0.24761904761904763,0.3,NaN
Average,0.34722222222222215,0.21031746031746032,NaN,NaN
