Fold,Accuracy,F1_Score,Macro_Precision,Macro_Recall
1,0.7777777777777778,0.7750000000000001,0.775,0.775
2,0.5555555555555556,0.5499999999999999,0.55,0.55
3,0.625,0.5636363636363636,0.625,0.7857142857142857
Average,0.6527777777777778,0.6295454545454545,0.65,0.7035714285714286
