Fold,Accuracy,F1_Score,Macro_Precision,Macro_Recall
1,0.3333333333333333,0.2571428571428571,0.26666666666666666,NaN
2,0.2222222222222222,0.12380952380952381,NaN,NaN
3,0.25,0.16,0.2,NaN
Average,0.26851851851851855,0.18031746031746032,NaN,NaN
