Fold,Accuracy,F1_Score,Macro_Precision,Macro_Recall
1,0.5,0.3333333333333333,0.5,NaN
2,1.0,1.0,1.0,1.0
3,0.2,0.16666666666666666,0.16666666666666666,0.16666666666666666
4,0.8,0.7619047619047619,0.75,0.875
5,0.2,0.16666666666666666,0.25,0.125
Average,0.54,0.48571428571428565,0.5333333333333334,NaN
