Fold,Accuracy,F1_Score,Macro_Precision,Macro_Recall
1,0.5555555555555556,0.35714285714285715,0.5,NaN
2,0.6666666666666666,0.5846153846153846,0.625,0.8125
3,0.75,0.7333333333333334,0.75,0.8333333333333333
Average,0.6574074074074074,0.5583638583638584,0.625,NaN
