Fold,Accuracy,F1_Score,Macro_Precision,Macro_Recall
1,0.2222222222222222,0.09090909090909093,0.16666666666666666,NaN
2,0.4444444444444444,0.2363636363636364,NaN,NaN
3,0.5,0.2916666666666666,0.375,NaN
Average,0.38888888888888884,0.2063131313131313,NaN,NaN
