Fold,Accuracy,F1_Score,Macro_Precision,Macro_Recall
1,0.3333333333333333,0.2999999999999999,0.36666666666666664,NaN
2,0.4444444444444444,0.2488888888888889,NaN,NaN
3,0.375,0.19999999999999998,0.3,NaN
Average,0.38425925925925924,0.24962962962962956,NaN,NaN
