Fold,Accuracy,F1_Score,Macro_Precision,Macro_Recall
1,0.5,0.4857142857142857,0.5,0.5
2,1.0,1.0,1.0,1.0
3,0.4,0.2857142857142857,0.3333333333333333,0.25
4,0.4,0.2857142857142857,0.3333333333333333,0.25
5,0.6,0.5833333333333333,0.6666666666666666,0.75
Average,0.58,0.528095238095238,0.5666666666666667,0.55
