Fold,Accuracy,F1_Score,Macro_Precision,Macro_Recall
1,0.2857142857142857,0.125,NaN,NaN
2,0.2857142857142857,0.16666666666666666,NaN,NaN
3,0.3333333333333333,0.125,0.25,NaN
4,0.0,0.0,0.0,NaN
Average,0.22619047619047616,0.10416666666666666,NaN,NaN
