Fold,Accuracy,F1_Score,Macro_Precision,Macro_Recall
1,0.3333333333333333,0.13333333333333333,NaN,NaN
2,0.4,0.16,NaN,NaN
3,0.4,0.13333333333333333,NaN,NaN
4,0.4,0.2333333333333333,NaN,NaN
5,0.2,0.06666666666666667,0.2,NaN
Average,0.3466666666666666,0.14533333333333331,NaN,NaN
