Fold,Accuracy,F1_Score,Macro_Precision,Macro_Recall
1,0.7142857142857143,0.7000000000000001,0.7777777777777777,0.7777777777777778
2,0.14285714285714285,0.09523809523809523,0.1111111111111111,NaN
3,0.3333333333333333,0.16666666666666666,0.3333333333333333,NaN
4,0.3333333333333333,0.24444444444444446,0.27777777777777773,NaN
Average,0.38095238095238093,0.3015873015873016,0.37499999999999994,NaN
