Fold,Accuracy,F1_Score,Macro_Precision,Macro_Recall
1,0.5714285714285714,0.2933333333333334,NaN,NaN
2,0.2857142857142857,0.08888888888888889,NaN,NaN
3,0.3333333333333333,0.13333333333333333,0.2,NaN
4,0.16666666666666666,0.09999999999999999,0.1,NaN
Average,0.3392857142857143,0.1538888888888889,NaN,NaN
