Fold,RMSE,MAE
1,11.793717281159683,10.86558865903256
2,6.698589887160136,5.081033561426478
3,9.889627279449817,7.951090786778494
4,11.036183018934274,8.87438647559554
5,9.821041575173242,6.616357501505822
Mean,9.84783180837543,7.877691396867779
