Fold,Accuracy,F1_Score,Macro_Precision,Macro_Recall
1,0.4444444444444444,0.3,0.3333333333333333,NaN
2,0.4444444444444444,0.3133333333333334,NaN,NaN
3,0.25,0.13714285714285715,0.2,NaN
Average,0.3796296296296296,0.2501587301587302,NaN,NaN
