Fold,Accuracy,F1_Score,Macro_Precision,Macro_Recall
1,0.5714285714285714,0.3333333333333333,NaN,NaN
2,0.2857142857142857,0.11111111111111113,NaN,NaN
3,0.5,0.30952380952380953,0.375,NaN
4,0.0,0.0,0.0,NaN
Average,0.3392857142857143,0.1884920634920635,NaN,NaN
