Fold,Accuracy,F1_Score,Macro_Precision,Macro_Recall
1,0.3333333333333333,0.1688888888888889,0.2333333333333333,NaN
2,0.3333333333333333,0.19428571428571428,NaN,NaN
3,0.5,0.43333333333333324,0.5,NaN
Average,0.38888888888888884,0.26550264550264546,NaN,NaN
