Fold,Accuracy,F1_Score,Macro_Precision,Macro_Recall
1,0.42857142857142855,0.26666666666666666,NaN,NaN
2,0.8571428571428571,0.6666666666666666,NaN,NaN
3,0.16666666666666666,0.09999999999999999,0.2,NaN
4,0.3333333333333333,0.13333333333333333,0.2,NaN
Average,0.4464285714285714,0.2916666666666667,NaN,NaN
