Fold,Accuracy,F1_Score,Macro_Precision,Macro_Recall
1,0.42857142857142855,0.25,NaN,NaN
2,0.2857142857142857,0.11111111111111113,NaN,NaN
3,0.16666666666666666,0.09999999999999999,0.125,NaN
4,0.3333333333333333,0.26666666666666666,0.375,NaN
Average,0.30357142857142855,0.18194444444444446,NaN,NaN
