Fold,Accuracy,F1_Score,Macro_Precision,Macro_Recall
1,0.3333333333333333,0.26666666666666666,NaN,0.3
2,0.6,0.5,NaN,NaN
3,0.0,0.0,NaN,NaN
4,0.4,0.3,NaN,NaN
5,0.2,0.1,0.2,NaN
Average,0.3066666666666667,0.23333333333333334,NaN,NaN
