Fold,Accuracy,F1_Score,Macro_Precision,Macro_Recall
1,0.3333333333333333,0.24444444444444446,0.27777777777777773,NaN
2,0.3333333333333333,0.16666666666666666,0.25,NaN
3,0.375,0.18181818181818182,0.3333333333333333,NaN
Average,0.34722222222222215,0.19764309764309762,0.287037037037037,NaN
