Fold,Accuracy,F1_Score,Macro_Precision,Macro_Recall
1,0.5714285714285714,0.43333333333333324,NaN,NaN
2,0.2857142857142857,0.16666666666666666,NaN,NaN
3,0.5,0.3333333333333333,0.4,NaN
4,0.3333333333333333,0.26666666666666666,0.3,NaN
Average,0.4226190476190476,0.29999999999999993,NaN,NaN
