Fold,Accuracy,F1_Score,Macro_Precision,Macro_Recall
1,0.7142857142857143,0.7083333333333331,0.7083333333333333,0.7083333333333333
2,0.7142857142857143,0.7083333333333331,0.7083333333333333,0.7083333333333333
3,0.6666666666666666,0.6666666666666666,0.6666666666666666,0.6666666666666666
4,0.6666666666666666,0.625,0.6666666666666666,0.8
Average,0.6904761904761905,0.6770833333333333,0.6874999999999999,0.7208333333333332
