Fold,Accuracy,F1_Score,Macro_Precision,Macro_Recall
1,0.3333333333333333,0.2083333333333333,0.29166666666666663,NaN
2,0.5555555555555556,0.3916666666666666,NaN,NaN
3,0.5,0.39999999999999997,0.4583333333333333,NaN
Average,0.46296296296296297,0.33333333333333326,NaN,NaN
