Fold,Accuracy,F1_Score,Macro_Precision,Macro_Recall
1,0.0,0.0,0.0,NaN
2,0.6,0.41666666666666663,NaN,NaN
3,0.4,0.225,NaN,NaN
4,0.4,0.29166666666666663,NaN,NaN
5,0.2,0.1,0.125,NaN
Average,0.31999999999999995,0.20666666666666664,NaN,NaN
