Fold,Accuracy,F1_Score,Macro_Precision,Macro_Recall
1,0.6666666666666666,0.6555555555555556,0.7222222222222222,0.7777777777777778
2,0.4,0.3,0.3333333333333333,NaN
3,0.4,0.19047619047619047,0.3333333333333333,NaN
4,0.6,0.4444444444444445,0.5,NaN
5,0.0,0.0,0.0,NaN
Average,0.4133333333333334,0.3180952380952381,0.37777777777777777,NaN
