Fold,Accuracy,F1_Score,Macro_Precision,Macro_Recall
1,0.3333333333333333,0.21111111111111108,0.25,NaN
2,0.4444444444444444,0.27499999999999997,NaN,NaN
3,0.125,0.07142857142857141,0.125,NaN
Average,0.3009259259259259,0.18584656084656082,NaN,NaN
