Fold,Accuracy,F1_Score,Macro_Precision,Macro_Recall
1,0.3333333333333333,0.21333333333333335,NaN,NaN
2,0.6,0.4333333333333333,NaN,NaN
3,0.0,0.0,NaN,NaN
4,0.6,0.36,NaN,NaN
5,0.4,0.3,0.4,NaN
Average,0.3866666666666666,0.2613333333333333,NaN,NaN
