Fold,Accuracy,F1_Score,Macro_Precision,Macro_Recall
1,0.6666666666666666,0.625,0.6666666666666666,0.8
2,0.8,0.7619047619047619,0.75,0.875
3,0.4,0.2857142857142857,0.3333333333333333,0.25
4,0.8,0.7619047619047619,0.75,0.875
5,0.4,0.2857142857142857,0.5,NaN
Average,0.6133333333333334,0.544047619047619,0.6,NaN
