Fold,Accuracy,F1_Score,Macro_Precision,Macro_Recall
1,0.6666666666666666,0.625,0.6666666666666666,0.8
2,0.6,0.5833333333333333,0.5833333333333333,0.5833333333333333
3,0.6,0.5833333333333333,0.5833333333333333,0.5833333333333333
4,0.8,0.7619047619047619,0.75,0.875
5,0.6,0.5833333333333333,0.6666666666666666,0.75
Average,0.6533333333333334,0.6273809523809524,0.6499999999999999,0.7183333333333334
