Fold,RMSE,MAE
1,11.042320090563072,9.452571102864928
2,8.827127385798956,8.096743545777176
3,10.68415591644724,6.800712692459641
4,8.501142106815822,6.283255092168082
5,17.14758457953772,15.171742979514931
Mean,11.240466015832562,9.161005082556951
