Fold,Accuracy,F1_Score,Macro_Precision,Macro_Recall
1,0.3333333333333333,0.19999999999999998,NaN,NaN
2,0.4,0.2,NaN,NaN
3,0.0,0.0,NaN,NaN
4,0.0,0.0,NaN,NaN
5,0.4,0.2333333333333333,0.4,NaN
Average,0.22666666666666666,0.12666666666666665,NaN,NaN
