Fold,Accuracy,F1_Score,Macro_Precision,Macro_Recall
1,0.4444444444444444,0.4155844155844156,0.425,0.41666666666666663
2,0.5555555555555556,0.5499999999999999,0.575,0.5833333333333333
3,0.75,0.75,0.75,0.75
Average,0.5833333333333334,0.5718614718614718,0.5833333333333334,0.5833333333333334
