Fold,Accuracy,F1_Score,Macro_Precision,Macro_Recall
1,0.5714285714285714,0.5333333333333333,0.5416666666666666,0.55
2,0.8571428571428571,0.857142857142857,0.875,0.875
3,0.6666666666666666,0.6666666666666666,0.6666666666666666,0.6666666666666666
4,0.6666666666666666,0.625,0.6666666666666666,0.8
Average,0.6904761904761904,0.6705357142857142,0.6874999999999999,0.7229166666666667
