Fold,Accuracy,F1_Score,Macro_Precision,Macro_Recall
1,0.16666666666666666,0.11111111111111112,0.1111111111111111,0.1111111111111111
2,0.4,0.19047619047619047,0.3333333333333333,NaN
3,0.4,0.4666666666666666,0.5,0.4444444444444444
4,0.2,0.11111111111111112,0.16666666666666666,NaN
5,0.4,0.3333333333333333,0.5,NaN
Average,0.31333333333333335,0.24253968253968253,0.32222222222222224,NaN
