Fold,Accuracy,F1_Score,Macro_Precision,Macro_Recall
1,0.2222222222222222,0.09999999999999999,0.16666666666666666,NaN
2,0.5555555555555556,0.39166666666666666,NaN,NaN
3,0.375,0.3333333333333333,0.3333333333333333,NaN
Average,0.38425925925925924,0.27499999999999997,NaN,NaN
