Fold,Accuracy,F1_Score,Macro_Precision,Macro_Recall
1,0.42857142857142855,0.35999999999999993,NaN,NaN
2,0.2857142857142857,0.19999999999999998,NaN,NaN
3,0.3333333333333333,0.26666666666666666,0.3,NaN
4,0.3333333333333333,0.19999999999999998,0.4,NaN
Average,0.3452380952380952,0.25666666666666665,NaN,NaN
