Fold,Accuracy,F1_Score,Macro_Precision,Macro_Recall
1,0.42857142857142855,0.4166666666666666,0.41666666666666663,0.41666666666666663
2,0.7142857142857143,0.7083333333333331,0.7083333333333333,0.7083333333333333
3,0.5,0.4857142857142857,0.5,0.5
4,0.6666666666666666,0.625,0.6666666666666666,0.8
Average,0.5773809523809523,0.5589285714285714,0.5729166666666666,0.60625
