Fold,Accuracy,F1_Score,Macro_Precision,Macro_Recall
1,0.6666666666666666,0.6493506493506493,0.65,0.6666666666666666
2,0.6666666666666666,0.6666666666666666,0.675,0.675
3,0.75,0.75,0.75,0.75
Average,0.6944444444444443,0.6886724386724387,0.6916666666666668,0.6972222222222223
