Fold,Accuracy,F1_Score,Macro_Precision,Macro_Recall
1,0.4444444444444444,0.3630952380952381,0.37499999999999994,NaN
2,0.3333333333333333,0.25,NaN,NaN
3,0.25,0.125,0.16666666666666666,NaN
Average,0.34259259259259256,0.24603174603174605,NaN,NaN
