Fold,Accuracy,F1_Score,Macro_Precision,Macro_Recall
1,0.2857142857142857,0.1142857142857143,NaN,NaN
2,0.0,0.0,NaN,NaN
3,0.3333333333333333,0.3,0.4,NaN
4,0.3333333333333333,0.2333333333333333,0.4,NaN
Average,0.23809523809523808,0.16190476190476188,NaN,NaN
