Fold,Accuracy,F1_Score,Macro_Precision,Macro_Recall
1,0.2222222222222222,0.11666666666666667,0.16666666666666666,NaN
2,0.2222222222222222,0.17999999999999997,NaN,0.2
3,0.375,0.26,0.4,NaN
Average,0.27314814814814814,0.18555555555555556,NaN,NaN
