Fold,Accuracy,F1_Score,Macro_Precision,Macro_Recall
1,0.5555555555555556,0.5499999999999999,0.55,0.55
2,0.5555555555555556,0.5,0.525,0.5357142857142857
3,0.375,0.2727272727272727,0.375,0.21428571428571427
Average,0.4953703703703704,0.44090909090909086,0.4833333333333334,0.43333333333333335
