Fold,Accuracy,F1_Score,Macro_Precision,Macro_Recall
1,0.6666666666666666,0.6666666666666666,0.6666666666666666,0.6666666666666666
2,0.6,0.5833333333333333,0.5833333333333333,0.5833333333333333
3,0.6,0.375,0.5,NaN
4,0.6,0.5833333333333333,0.5833333333333333,0.5833333333333333
5,0.4,0.2857142857142857,0.5,NaN
Average,0.5733333333333334,0.4988095238095237,0.5666666666666667,NaN
