Fold,Accuracy,F1_Score,Macro_Precision,Macro_Recall
1,0.1111111111111111,0.07407407407407407,0.08333333333333333,0.06666666666666667
2,0.4444444444444444,0.3111111111111111,0.3611111111111111,NaN
3,0.125,0.08333333333333333,0.1111111111111111,0.06666666666666667
Average,0.22685185185185186,0.15617283950617283,0.1851851851851852,NaN
