Fold,Accuracy,F1_Score,Macro_Precision,Macro_Recall
1,0.16666666666666666,0.07142857142857141,0.125,NaN
2,0.4,0.26666666666666666,NaN,NaN
3,0.4,0.16666666666666666,NaN,NaN
4,0.0,0.0,NaN,NaN
5,0.2,0.08333333333333333,0.125,NaN
Average,0.23333333333333334,0.11761904761904762,NaN,NaN
