Fold,Accuracy,F1_Score,Macro_Precision,Macro_Recall
1,0.4444444444444444,0.4155844155844156,0.425,0.41666666666666663
2,0.6666666666666666,0.6493506493506493,0.7,0.7857142857142857
3,0.875,0.8730158730158732,0.875,0.9
Average,0.6620370370370371,0.6459836459836461,0.6666666666666666,0.7007936507936509
