Fold,Accuracy,F1_Score,Macro_Precision,Macro_Recall
1,0.6666666666666666,0.5333333333333333,0.625,NaN
2,0.4,0.375,NaN,NaN
3,0.4,0.2,NaN,NaN
4,0.4,0.16666666666666666,NaN,NaN
5,0.2,0.125,0.25,NaN
Average,0.4133333333333334,0.28,NaN,NaN
