Fold,Accuracy,F1_Score,Macro_Precision,Macro_Recall
1,0.5,0.26666666666666666,NaN,NaN
2,0.4,0.13333333333333333,NaN,NaN
3,0.4,0.27999999999999997,NaN,NaN
4,0.2,0.13333333333333333,NaN,NaN
5,0.2,0.06666666666666667,0.2,NaN
Average,0.33999999999999997,0.176,NaN,NaN
