Fold,Accuracy,F1_Score,Macro_Precision,Macro_Recall
1,0.3333333333333333,0.26666666666666666,0.27777777777777773,0.27777777777777773
2,0.6,0.5555555555555555,0.6666666666666666,NaN
3,0.2,0.13333333333333333,0.16666666666666666,NaN
4,0.2,0.13333333333333333,0.16666666666666666,0.1111111111111111
5,0.4,0.3333333333333333,0.3333333333333333,0.3333333333333333
Average,0.3466666666666667,0.2844444444444444,0.32222222222222224,NaN
