Fold,Accuracy,F1_Score,Macro_Precision,Macro_Recall
1,0.3333333333333333,0.17999999999999997,0.2333333333333333,NaN
2,0.4444444444444444,0.28333333333333327,NaN,NaN
3,0.5,0.3333333333333333,0.4,NaN
Average,0.4259259259259259,0.26555555555555554,NaN,NaN
