Fold,Accuracy,F1_Score,Macro_Precision,Macro_Recall
1,0.6666666666666666,0.6666666666666666,0.675,0.675
2,0.4444444444444444,0.3076923076923077,0.4,0.25
3,0.375,0.2727272727272727,0.375,0.21428571428571427
Average,0.4953703703703704,0.4156954156954156,0.4833333333333334,0.37976190476190474
