Fold,Accuracy,F1_Score,Macro_Precision,Macro_Recall
1,0.3333333333333333,0.1688888888888889,0.26666666666666666,NaN
2,0.1111111111111111,0.13333333333333333,NaN,NaN
3,0.625,0.5266666666666665,0.6,NaN
Average,0.35648148148148145,0.27629629629629626,NaN,NaN
