Fold,Accuracy,F1_Score,Macro_Precision,Macro_Recall
1,0.7142857142857143,0.7083333333333331,0.7083333333333333,0.7083333333333333
2,0.42857142857142855,0.4166666666666666,0.41666666666666663,0.41666666666666663
3,0.5,0.3333333333333333,0.5,NaN
4,0.5,0.4857142857142857,0.5,0.5
Average,0.5357142857142857,0.4860119047619047,0.53125,NaN
