Fold,Accuracy,F1_Score,Macro_Precision,Macro_Recall
1,0.3333333333333333,0.21111111111111108,0.25,NaN
2,0.3333333333333333,0.21428571428571425,NaN,NaN
3,0.5,0.28750000000000003,0.375,NaN
Average,0.38888888888888884,0.2376322751322751,NaN,NaN
