Fold,Accuracy,F1_Score,Macro_Precision,Macro_Recall
1,0.2857142857142857,0.11111111111111113,NaN,NaN
2,0.2857142857142857,0.19642857142857142,NaN,NaN
3,0.6666666666666666,0.5333333333333333,0.625,NaN
4,0.3333333333333333,0.26666666666666666,0.375,NaN
Average,0.39285714285714285,0.27688492063492065,NaN,NaN
