Fold,Accuracy,F1_Score,Macro_Precision,Macro_Recall
1,0.6666666666666666,0.6666666666666666,0.6666666666666666,0.6666666666666666
2,0.8,0.8,0.8333333333333333,0.8333333333333333
3,0.4,0.2857142857142857,0.3333333333333333,0.25
4,0.4,0.2857142857142857,0.3333333333333333,0.25
5,0.4,0.2857142857142857,0.5,NaN
Average,0.5333333333333333,0.4647619047619047,0.5333333333333333,NaN
