Fold,Accuracy,F1_Score,Macro_Precision,Macro_Recall
1,0.3333333333333333,0.325,0.35,0.3333333333333333
2,0.4444444444444444,0.44444444444444453,0.45,0.45
3,0.375,0.36507936507936506,0.375,0.3666666666666667
Average,0.38425925925925924,0.3781746031746032,0.39166666666666666,0.3833333333333333
