Fold,Accuracy,F1_Score,Macro_Precision,Macro_Recall
1,0.42857142857142855,0.43333333333333346,0.5555555555555555,0.4444444444444444
2,0.42857142857142855,0.44444444444444453,0.4444444444444444,0.5833333333333334
3,0.3333333333333333,0.16666666666666666,0.3333333333333333,NaN
4,0.3333333333333333,0.35555555555555557,0.4444444444444444,0.3333333333333333
Average,0.38095238095238093,0.3500000000000001,0.4444444444444444,NaN
