Fold,Accuracy,F1_Score,Macro_Precision,Macro_Recall
1,0.5714285714285714,0.3333333333333333,NaN,NaN
2,0.7142857142857143,0.5208333333333331,NaN,NaN
3,0.16666666666666666,0.08333333333333333,0.125,NaN
4,0.3333333333333333,0.26666666666666666,0.25,NaN
Average,0.4464285714285714,0.30104166666666665,NaN,NaN
