Fold,Accuracy,F1_Score,Macro_Precision,Macro_Recall
1,0.5714285714285714,0.38095238095238093,NaN,NaN
2,0.2857142857142857,0.08888888888888889,NaN,NaN
3,0.3333333333333333,0.09999999999999999,0.2,NaN
4,0.0,0.0,0.0,NaN
Average,0.2976190476190476,0.14246031746031745,NaN,NaN
