Fold,Accuracy,F1_Score,Macro_Precision,Macro_Recall
1,0.14285714285714285,0.05714285714285715,NaN,NaN
2,0.14285714285714285,0.08,NaN,NaN
3,0.3333333333333333,0.2333333333333333,0.4,NaN
4,0.3333333333333333,0.2333333333333333,0.4,NaN
Average,0.23809523809523808,0.15095238095238095,NaN,NaN
