Fold,Accuracy,F1_Score,Macro_Precision,Macro_Recall
1,0.0,0.0,0.0,NaN
2,0.14285714285714285,0.08333333333333333,0.1111111111111111,NaN
3,0.5,0.41269841269841273,0.5,NaN
4,0.6666666666666666,0.48888888888888893,0.5555555555555555,NaN
Average,0.32738095238095233,0.24623015873015874,0.29166666666666663,NaN
