Fold,Accuracy,F1_Score,Macro_Precision,Macro_Recall
1,0.42857142857142855,0.4166666666666666,0.41666666666666663,0.41666666666666663
2,0.8571428571428571,0.857142857142857,0.875,0.875
3,0.6666666666666666,0.625,0.6666666666666666,0.8
4,0.6666666666666666,0.625,0.6666666666666666,0.8
Average,0.6547619047619047,0.6309523809523809,0.6562499999999999,0.7229166666666667
