Fold,Accuracy,F1_Score,Macro_Precision,Macro_Recall
1,0.5714285714285714,0.5333333333333333,0.5416666666666666,0.55
2,0.5714285714285714,0.3636363636363637,0.5,NaN
3,0.3333333333333333,0.3333333333333333,0.3333333333333333,0.3333333333333333
4,0.6666666666666666,0.625,0.6666666666666666,0.8
Average,0.5357142857142857,0.46382575757575756,0.5104166666666666,NaN
