Fold,Accuracy,F1_Score,Macro_Precision,Macro_Recall
1,0.16666666666666666,0.11111111111111112,0.1111111111111111,0.1111111111111111
2,0.8,0.7777777777777777,0.8333333333333334,0.8333333333333334
3,0.4,0.22222222222222224,0.3333333333333333,NaN
4,0.4,0.3333333333333333,0.3333333333333333,0.3333333333333333
5,0.4,0.38888888888888884,0.3333333333333333,0.5
Average,0.4333333333333333,0.36666666666666664,0.38888888888888884,NaN
