Fold,Accuracy,F1_Score,Macro_Precision,Macro_Recall
1,0.2857142857142857,0.19999999999999998,NaN,NaN
2,0.42857142857142855,0.24000000000000002,NaN,NaN
3,0.16666666666666666,0.09999999999999999,0.1,NaN
4,0.3333333333333333,0.11428571428571428,0.2,NaN
Average,0.30357142857142855,0.1635714285714286,NaN,NaN
