Fold,Accuracy,F1_Score,Macro_Precision,Macro_Recall
1,0.3333333333333333,0.3,0.5,NaN
2,0.2,0.13333333333333333,0.16666666666666666,0.1111111111111111
3,0.2,0.16666666666666666,0.16666666666666666,0.16666666666666666
4,0.0,0.0,0.0,0.0
5,0.2,0.16666666666666666,0.16666666666666666,0.16666666666666666
Average,0.18666666666666668,0.15333333333333332,0.19999999999999998,NaN
