Fold,Accuracy,F1_Score,Macro_Precision,Macro_Recall
1,0.3333333333333333,0.22222222222222227,0.25,0.19999999999999998
2,0.3333333333333333,0.25,0.3055555555555555,NaN
3,0.5,0.38095238095238093,0.4444444444444444,NaN
Average,0.38888888888888884,0.2843915343915344,0.3333333333333333,NaN
