Fold,Accuracy,F1_Score,Macro_Precision,Macro_Recall
1,0.2222222222222222,0.13333333333333333,0.16666666666666666,0.1111111111111111
2,0.2222222222222222,0.14814814814814814,0.16666666666666666,NaN
3,0.125,0.08333333333333333,0.1111111111111111,0.06666666666666667
Average,0.1898148148148148,0.12160493827160491,0.14814814814814814,NaN
