Fold,Accuracy,F1_Score,Macro_Precision,Macro_Recall
1,0.4444444444444444,0.45079365079365086,0.47222222222222215,0.4444444444444444
2,0.5555555555555556,0.5555555555555555,0.5277777777777778,0.6666666666666666
3,0.375,0.3333333333333333,0.38888888888888884,0.3
Average,0.4583333333333333,0.44656084656084655,0.46296296296296297,0.4703703703703704
