Fold,Accuracy,F1_Score,Macro_Precision,Macro_Recall
1,0.42857142857142855,0.4166666666666666,0.41666666666666663,0.41666666666666663
2,0.7142857142857143,0.65,0.6666666666666666,0.8333333333333333
3,0.5,0.3333333333333333,0.5,NaN
4,0.3333333333333333,0.25,0.3333333333333333,0.2
Average,0.494047619047619,0.4125,0.47916666666666663,NaN
