Fold,Accuracy,F1_Score,Macro_Precision,Macro_Recall
1,0.42857142857142855,0.4166666666666666,0.41666666666666663,0.41666666666666663
2,0.42857142857142855,0.4166666666666666,0.4583333333333333,0.45
3,0.3333333333333333,0.3333333333333333,0.3333333333333333,0.3333333333333333
4,0.5,0.4857142857142857,0.5,0.5
Average,0.4226190476190476,0.41309523809523807,0.4270833333333333,0.425
