Fold,Accuracy,F1_Score,Macro_Precision,Macro_Recall
1,0.8333333333333334,0.8285714285714284,0.8333333333333333,0.875
2,0.6,0.5833333333333333,0.6666666666666666,0.75
3,0.8,0.8,0.8333333333333333,0.8333333333333333
4,0.6,0.5833333333333333,0.6666666666666666,0.75
5,0.8,0.7619047619047619,0.75,0.875
Average,0.7266666666666668,0.7114285714285714,0.7499999999999999,0.8166666666666667
