Fold,Accuracy,F1_Score,Macro_Precision,Macro_Recall
1,0.16666666666666666,0.08333333333333333,0.125,NaN
2,0.4,0.14285714285714285,NaN,NaN
3,0.2,0.08333333333333333,NaN,NaN
4,0.6,0.3666666666666667,NaN,NaN
5,0.2,0.125,0.25,NaN
Average,0.31333333333333335,0.16023809523809524,NaN,NaN
