Fold,Accuracy,F1_Score,Macro_Precision,Macro_Recall
1,0.5,0.36666666666666664,NaN,NaN
2,0.6,0.4666666666666666,NaN,NaN
3,0.2,0.13333333333333333,NaN,NaN
4,0.4,0.26666666666666666,NaN,NaN
5,0.2,0.1,0.2,NaN
Average,0.38,0.26666666666666666,NaN,NaN
