Fold,Accuracy,F1_Score,Macro_Precision,Macro_Recall
1,0.8333333333333334,0.7000000000000001,0.75,NaN
2,0.4,0.14285714285714285,NaN,NaN
3,0.4,0.225,NaN,NaN
4,0.4,0.14285714285714285,NaN,NaN
5,0.0,0.0,0.0,NaN
Average,0.4066666666666666,0.24214285714285716,NaN,NaN
