Fold,Accuracy,F1_Score,Macro_Precision,Macro_Recall
1,0.16666666666666666,0.11111111111111112,0.16666666666666666,NaN
2,0.4,0.19047619047619047,0.3333333333333333,NaN
3,0.4,0.22222222222222224,0.3333333333333333,NaN
4,0.2,0.13333333333333333,0.16666666666666666,NaN
5,0.2,0.16666666666666666,0.3333333333333333,NaN
Average,0.2733333333333333,0.16476190476190475,0.26666666666666666,NaN
