Fold,Accuracy,F1_Score,Macro_Precision,Macro_Recall
1,0.6666666666666666,0.625,0.6666666666666666,0.8
2,0.6,0.5833333333333333,0.6666666666666666,0.75
3,0.8,0.8,0.8333333333333333,0.8333333333333333
4,0.6,0.5833333333333333,0.5833333333333333,0.5833333333333333
5,0.8,0.8,0.8333333333333333,0.8333333333333333
Average,0.6933333333333334,0.6783333333333333,0.7166666666666666,0.76
