Fold,Accuracy,F1_Score,Macro_Precision,Macro_Recall
1,0.2857142857142857,0.19047619047619047,0.2222222222222222,0.16666666666666666
2,0.7142857142857143,0.6944444444444444,0.6666666666666666,0.8666666666666667
3,0.6666666666666666,0.5333333333333333,0.6666666666666666,NaN
4,1.0,1.0,1.0,1.0
Average,0.6666666666666666,0.604563492063492,0.6388888888888888,NaN
