Fold,Accuracy,F1_Score,Macro_Precision,Macro_Recall
1,0.7142857142857143,0.5166666666666667,0.5555555555555555,NaN
2,0.14285714285714285,0.09523809523809523,0.1111111111111111,NaN
3,0.16666666666666666,0.09523809523809523,0.16666666666666666,NaN
4,0.3333333333333333,0.19047619047619047,0.2222222222222222,NaN
Average,0.3392857142857143,0.2244047619047619,0.26388888888888884,NaN
