Fold,Accuracy,F1_Score,Macro_Precision,Macro_Recall
1,0.6666666666666666,0.6666666666666666,0.6666666666666666,0.6666666666666666
2,0.6,0.5833333333333333,0.5833333333333333,0.5833333333333333
3,0.4,0.4,0.41666666666666663,0.41666666666666663
4,0.8,0.7619047619047619,0.75,0.875
5,0.4,0.2857142857142857,0.5,NaN
Average,0.5733333333333334,0.5395238095238095,0.5833333333333333,NaN
