Fold,Accuracy,F1_Score,Macro_Precision,Macro_Recall
1,0.42857142857142855,0.5,0.5555555555555555,0.4666666666666666
2,0.42857142857142855,0.35555555555555557,0.38888888888888884,0.3333333333333333
3,0.5,0.41269841269841273,0.5,NaN
4,0.16666666666666666,0.11111111111111112,0.1111111111111111,0.1111111111111111
Average,0.380952380952381,0.3448412698412699,0.38888888888888884,NaN
