Fold,Accuracy,F1_Score,Macro_Precision,Macro_Recall
1,0.0,0.0,0.0,0.0
2,0.14285714285714285,0.08333333333333333,0.1111111111111111,0.06666666666666667
3,0.3333333333333333,0.3,0.3333333333333333,0.27777777777777773
4,0.3333333333333333,0.26666666666666666,0.27777777777777773,0.27777777777777773
Average,0.20238095238095238,0.16249999999999998,0.18055555555555552,0.15555555555555553
