Fold,Accuracy,F1_Score,Macro_Precision,Macro_Recall
1,0.5555555555555556,0.5,0.525,0.5357142857142857
2,0.5555555555555556,0.5,0.525,0.5357142857142857
3,0.625,0.5636363636363636,0.625,0.7857142857142857
Average,0.5787037037037037,0.5212121212121211,0.5583333333333333,0.6190476190476191
