Fold,Accuracy,F1_Score,Macro_Precision,Macro_Recall
1,0.2857142857142857,0.19999999999999998,NaN,NaN
2,0.42857142857142855,0.28333333333333327,NaN,NaN
3,0.5,0.2916666666666666,0.375,NaN
4,0.16666666666666666,0.125,0.125,NaN
Average,0.34523809523809523,0.22499999999999998,NaN,NaN
