Fold,Accuracy,F1_Score,Macro_Precision,Macro_Recall
1,0.4444444444444444,0.404040404040404,0.4166666666666667,0.4761904761904762
2,0.4444444444444444,0.3386243386243386,0.38888888888888884,NaN
3,0.25,0.22222222222222227,0.3333333333333333,0.16666666666666666
Average,0.3796296296296296,0.32162898829565495,0.3796296296296296,NaN
