Fold,RMSE,MAE
1,11.221119789861994,9.172558491917073
2,8.897697646421618,8.164981860926563
3,11.736776705622448,7.780952380952381
4,9.807410343724987,6.800298429276585
5,11.561364211021262,8.585925303733017
Mean,10.644873739330462,8.100943293361123
