Fold,RMSE,MAE
1,12.635927614016577,11.666666666666666
2,8.302937763840223,7.371428571428571
3,11.470795016998407,9.295238095238094
4,10.503643682658172,7.485714285714286
5,9.845749108635871,6.685714285714285
Mean,10.55181063722985,8.50095238095238
