Fold,RMSE,MAE
1,10.226524600482263,8.545024064733363
2,8.689749056902576,6.862746269584354
3,7.487008218860758,6.2382199438572
4,8.644942808520025,7.31014620821239
5,12.176528632811403,11.23857150108061
Mean,9.444950663515405,8.038941597493585
