Fold,RMSE,MAE
1,11.871815362445629,9.833333333333334
2,9.619495510553088,8.714285714285714
3,11.736776705622448,7.780952380952381
4,9.528748399643439,6.850977871212864
5,11.810994450591993,8.29710705100845
Mean,10.913566085771318,8.295331270158547
