Fold,Accuracy,F1_Score,Macro_Precision,Macro_Recall
1,0.4444444444444444,0.41481481481481486,0.5,0.35555555555555557
2,0.3333333333333333,0.25,0.27777777777777773,NaN
3,0.125,0.16666666666666666,0.16666666666666666,0.16666666666666666
Average,0.3009259259259259,0.2771604938271605,0.31481481481481477,NaN
