Fold,Accuracy,F1_Score,Macro_Precision,Macro_Recall
1,0.2222222222222222,0.20634920634920634,0.19444444444444442,0.25
2,0.2222222222222222,0.24074074074074073,0.25,0.2333333333333333
3,0.25,0.20634920634920634,0.2222222222222222,0.19444444444444442
Average,0.23148148148148148,0.2178130511463845,0.2222222222222222,0.2259259259259259
