Fold,Accuracy,F1_Score,Macro_Precision,Macro_Recall
1,0.3333333333333333,0.25,0.3333333333333333,0.2
2,0.6,0.5833333333333333,0.5833333333333333,0.5833333333333333
3,0.6,0.5833333333333333,0.5833333333333333,0.5833333333333333
4,0.4,0.2857142857142857,0.3333333333333333,0.25
5,0.4,0.2857142857142857,0.5,NaN
Average,0.4666666666666666,0.39761904761904754,0.4666666666666666,NaN
