Fold,Accuracy,F1_Score,Macro_Precision,Macro_Recall
1,0.3333333333333333,0.18888888888888888,0.2333333333333333,NaN
2,0.4444444444444444,0.3466666666666667,NaN,NaN
3,0.5,0.4466666666666667,0.5,NaN
Average,0.4259259259259259,0.3274074074074074,NaN,NaN
