Fold,Accuracy,F1_Score,Macro_Precision,Macro_Recall
1,0.4444444444444444,0.4155844155844156,0.475,0.4642857142857143
2,0.5555555555555556,0.5499999999999999,0.55,0.55
3,0.625,0.5636363636363636,0.625,0.7857142857142857
Average,0.5416666666666666,0.5097402597402597,0.5499999999999999,0.6
