Fold,Accuracy,F1_Score,Macro_Precision,Macro_Recall
1,0.16666666666666666,0.09523809523809523,0.1111111111111111,NaN
2,0.6,0.5555555555555555,0.6666666666666666,NaN
3,0.2,0.13333333333333333,0.16666666666666666,NaN
4,0.2,0.13333333333333333,0.16666666666666666,0.1111111111111111
5,0.2,0.16666666666666666,0.16666666666666666,0.16666666666666666
Average,0.2733333333333333,0.2168253968253968,0.25555555555555554,NaN
