Fold,Accuracy,F1_Score,Macro_Precision,Macro_Recall
1,0.7142857142857143,0.5333333333333333,NaN,NaN
2,0.42857142857142855,0.2916666666666666,NaN,NaN
3,0.5,0.4166666666666666,0.5,NaN
4,0.3333333333333333,0.25,0.375,NaN
Average,0.494047619047619,0.3729166666666666,NaN,NaN
