Fold,Accuracy,F1_Score,Macro_Precision,Macro_Recall
1,0.3333333333333333,0.16666666666666666,0.25,NaN
2,0.2222222222222222,0.16666666666666666,0.19444444444444442,NaN
3,0.25,0.14814814814814814,0.2222222222222222,0.1111111111111111
Average,0.26851851851851855,0.16049382716049382,0.2222222222222222,NaN
