Fold,Accuracy,F1_Score,Macro_Precision,Macro_Recall
1,0.3333333333333333,0.1688888888888889,0.2333333333333333,NaN
2,0.4444444444444444,0.2933333333333334,NaN,NaN
3,0.625,0.5466666666666667,0.6,NaN
Average,0.46759259259259256,0.3362962962962963,NaN,NaN
