Fold,Accuracy,F1_Score,Macro_Precision,Macro_Recall
1,0.42857142857142855,0.4166666666666666,0.41666666666666663,0.41666666666666663
2,0.5714285714285714,0.5714285714285713,0.5833333333333333,0.5833333333333333
3,0.3333333333333333,0.3333333333333333,0.3333333333333333,0.3333333333333333
4,0.5,0.4857142857142857,0.5,0.5
Average,0.4583333333333333,0.45178571428571423,0.4583333333333333,0.4583333333333333
