Fold,Accuracy,F1_Score,Macro_Precision,Macro_Recall
1,0.5714285714285714,0.5333333333333333,0.5416666666666666,0.55
2,0.42857142857142855,0.3,0.375,0.25
3,0.5,0.3333333333333333,0.5,NaN
4,0.3333333333333333,0.25,0.3333333333333333,0.2
Average,0.4583333333333333,0.35416666666666663,0.43749999999999994,NaN
