Fold,Accuracy,F1_Score,Macro_Precision,Macro_Recall
1,0.16666666666666666,0.09999999999999999,NaN,NaN
2,0.4,0.2333333333333333,NaN,NaN
3,0.2,0.2,NaN,NaN
4,0.6,0.36,NaN,NaN
5,0.4,0.3,0.4,NaN
Average,0.35333333333333333,0.23866666666666667,NaN,NaN
