Fold,Accuracy,F1_Score,Macro_Precision,Macro_Recall
1,0.5714285714285714,0.6571428571428571,0.6666666666666666,0.6666666666666666
2,0.5714285714285714,0.5666666666666668,0.5555555555555555,0.611111111111111
3,0.3333333333333333,0.16666666666666666,0.3333333333333333,NaN
4,0.16666666666666666,0.11111111111111112,0.1111111111111111,0.1111111111111111
Average,0.4107142857142857,0.37539682539682545,0.41666666666666663,NaN
