Fold,Accuracy,F1_Score,Macro_Precision,Macro_Recall
1,0.6666666666666666,0.5238095238095238,0.5555555555555555,0.5
2,0.3333333333333333,0.18181818181818182,0.25,0.14285714285714285
3,0.25,0.13333333333333333,0.2222222222222222,NaN
Average,0.4166666666666667,0.27965367965367965,0.34259259259259256,NaN
