Fold,Accuracy,F1_Score,Macro_Precision,Macro_Recall
1,0.0,0.0,0.0,NaN
2,0.2857142857142857,0.22222222222222227,0.27777777777777773,NaN
3,0.5,0.41269841269841273,0.5,NaN
4,0.16666666666666666,0.11111111111111112,0.16666666666666666,NaN
Average,0.23809523809523808,0.18650793650793654,0.23611111111111108,NaN
