Fold,Accuracy,F1_Score,Macro_Precision,Macro_Recall
1,0.42857142857142855,0.26,NaN,NaN
2,0.14285714285714285,0.049999999999999996,NaN,NaN
3,0.3333333333333333,0.13333333333333333,0.2,NaN
4,0.3333333333333333,0.2333333333333333,0.3,NaN
Average,0.3095238095238095,0.16916666666666666,NaN,NaN
