Fold,Accuracy,F1_Score,Macro_Precision,Macro_Recall
1,0.3333333333333333,0.25,0.3,0.21428571428571427
2,0.5555555555555556,0.5499999999999999,0.55,0.55
3,0.75,0.7333333333333334,0.75,0.8333333333333333
Average,0.5462962962962963,0.5111111111111111,0.5333333333333333,0.5325396825396825
