Fold,Accuracy,F1_Score,Macro_Precision,Macro_Recall
1,0.16666666666666666,0.11111111111111112,0.1111111111111111,0.1111111111111111
2,0.6,0.5555555555555555,0.6666666666666666,NaN
3,0.4,0.4666666666666666,0.5,0.4444444444444444
4,0.2,0.13333333333333333,0.16666666666666666,0.1111111111111111
5,0.2,0.13333333333333333,0.16666666666666666,0.1111111111111111
Average,0.3133333333333333,0.27999999999999997,0.32222222222222224,NaN
