Fold,Accuracy,F1_Score,Macro_Precision,Macro_Recall
1,0.5,0.30952380952380953,0.375,NaN
2,0.4,0.14285714285714285,NaN,NaN
3,0.4,0.25,NaN,NaN
4,0.4,0.14285714285714285,NaN,NaN
5,0.0,0.0,0.0,NaN
Average,0.34,0.16904761904761903,NaN,NaN
