Fold,Accuracy,F1_Score,Macro_Precision,Macro_Recall
1,0.5714285714285714,0.5333333333333333,0.5416666666666666,0.55
2,0.7142857142857143,0.7083333333333331,0.7083333333333333,0.7083333333333333
3,0.6666666666666666,0.6666666666666666,0.6666666666666666,0.6666666666666666
4,0.8333333333333334,0.8285714285714284,0.8333333333333333,0.875
Average,0.6964285714285714,0.6842261904761904,0.6875,0.7
