Fold,Accuracy,F1_Score,Macro_Precision,Macro_Recall
1,0.5714285714285714,0.45238095238095244,0.6666666666666666,NaN
2,0.42857142857142855,0.3238095238095238,0.38888888888888884,NaN
3,0.3333333333333333,0.16666666666666666,0.3333333333333333,NaN
4,0.3333333333333333,0.19047619047619047,0.2222222222222222,NaN
Average,0.41666666666666663,0.2833333333333333,0.4027777777777777,NaN
