Fold,Accuracy,F1_Score,Macro_Precision,Macro_Recall
1,0.16666666666666666,0.125,0.125,NaN
2,0.2,0.125,NaN,0.125
3,0.4,0.16666666666666666,NaN,NaN
4,0.4,0.2,NaN,NaN
5,0.4,0.3333333333333333,0.5,NaN
Average,0.31333333333333335,0.19,NaN,NaN
