Fold,Accuracy,F1_Score,Macro_Precision,Macro_Recall
1,0.5555555555555556,0.5499999999999999,0.55,0.55
2,0.3333333333333333,0.25,0.3,0.21428571428571427
3,0.625,0.5636363636363636,0.625,0.7857142857142857
Average,0.5046296296296297,0.45454545454545453,0.4916666666666667,0.5166666666666667
