Fold,Accuracy,F1_Score,Macro_Precision,Macro_Recall
1,0.7142857142857143,0.7083333333333331,0.7083333333333333,0.7083333333333333
2,0.8571428571428571,0.857142857142857,0.875,0.875
3,0.6666666666666666,0.6666666666666666,0.6666666666666666,0.6666666666666666
4,0.8333333333333334,0.8285714285714284,0.8333333333333333,0.875
Average,0.7678571428571429,0.7651785714285713,0.7708333333333333,0.78125
