Fold,Accuracy,F1_Score,Macro_Precision,Macro_Recall
1,0.5,0.5222222222222223,0.611111111111111,0.611111111111111
2,0.4,0.19047619047619047,0.3333333333333333,NaN
3,0.2,0.11111111111111112,0.16666666666666666,NaN
4,0.4,0.19047619047619047,0.3333333333333333,NaN
5,0.0,0.0,0.0,NaN
Average,0.3,0.20285714285714285,0.28888888888888886,NaN
