Fold,Accuracy,F1_Score,Macro_Precision,Macro_Recall
1,0.3333333333333333,0.25,0.375,NaN
2,0.6,0.41666666666666663,NaN,NaN
3,0.4,0.16666666666666666,NaN,NaN
4,0.0,0.0,NaN,NaN
5,0.0,0.0,0.0,NaN
Average,0.2666666666666667,0.16666666666666666,NaN,NaN
