Fold,Accuracy,F1_Score,Macro_Precision,Macro_Recall
1,0.3333333333333333,0.15,0.25,NaN
2,0.3333333333333333,0.2083333333333333,NaN,NaN
3,0.5,0.2916666666666666,0.375,NaN
Average,0.38888888888888884,0.21666666666666665,NaN,NaN
