Fold,Accuracy,F1_Score,Macro_Precision,Macro_Recall
1,0.2222222222222222,0.11666666666666667,0.16666666666666666,NaN
2,0.5555555555555556,0.36666666666666664,NaN,NaN
3,0.375,0.22666666666666663,0.3,NaN
Average,0.38425925925925924,0.23666666666666666,NaN,NaN
