Fold,Accuracy,F1_Score,Macro_Precision,Macro_Recall
1,0.2222222222222222,0.1693121693121693,0.19444444444444442,NaN
2,0.3333333333333333,0.24444444444444446,0.27777777777777773,NaN
3,0.375,0.18181818181818182,0.3333333333333333,NaN
Average,0.3101851851851852,0.19852493185826522,0.2685185185185185,NaN
