Fold,Accuracy,F1_Score,Macro_Precision,Macro_Recall
1,0.5714285714285714,0.5777777777777778,0.6666666666666666,0.5555555555555555
2,0.42857142857142855,0.35555555555555557,0.38888888888888884,0.3333333333333333
3,0.3333333333333333,0.16666666666666666,0.3333333333333333,NaN
4,0.16666666666666666,0.13333333333333333,0.16666666666666666,0.1111111111111111
Average,0.375,0.30833333333333335,0.38888888888888884,NaN
