Fold,Accuracy,F1_Score,Macro_Precision,Macro_Recall
1,0.3333333333333333,0.18888888888888888,0.2333333333333333,NaN
2,0.4444444444444444,0.36666666666666664,NaN,0.5
3,0.625,0.5333333333333333,0.6,NaN
Average,0.46759259259259256,0.362962962962963,NaN,NaN
