Fold,Accuracy,F1_Score,Macro_Precision,Macro_Recall
1,0.42857142857142855,0.25,NaN,NaN
2,0.42857142857142855,0.15,NaN,NaN
3,0.3333333333333333,0.25,0.375,NaN
4,0.3333333333333333,0.26666666666666666,0.375,NaN
Average,0.38095238095238093,0.22916666666666669,NaN,NaN
