Fold,Accuracy,F1_Score,Macro_Precision,Macro_Recall
1,0.16666666666666666,0.11111111111111112,0.16666666666666666,NaN
2,0.4,0.19047619047619047,0.3333333333333333,NaN
3,0.2,0.11111111111111112,0.16666666666666666,NaN
4,0.2,0.16666666666666666,0.16666666666666666,0.16666666666666666
5,0.4,0.19047619047619047,0.3333333333333333,NaN
Average,0.2733333333333333,0.15396825396825395,0.2333333333333333,NaN
