Fold,Accuracy,F1_Score,Macro_Precision,Macro_Recall
1,0.5555555555555556,0.5,0.525,0.5357142857142857
2,0.6666666666666666,0.6666666666666666,0.675,0.675
3,0.625,0.6190476190476191,0.625,0.6333333333333333
Average,0.6157407407407408,0.5952380952380952,0.6083333333333334,0.6146825396825397
