Fold,Accuracy,F1_Score,Macro_Precision,Macro_Recall
1,0.3333333333333333,0.25,0.375,NaN
2,0.4,0.25,NaN,NaN
3,0.2,0.08333333333333333,NaN,NaN
4,0.0,0.0,NaN,NaN
5,0.4,0.16666666666666666,0.25,NaN
Average,0.2666666666666667,0.15,NaN,NaN
