Fold,Accuracy,F1_Score,Macro_Precision,Macro_Recall
1,0.6666666666666666,0.6493506493506493,0.65,0.6666666666666666
2,0.4444444444444444,0.44444444444444453,0.45,0.45
3,0.625,0.6190476190476191,0.625,0.6333333333333333
Average,0.5787037037037037,0.570947570947571,0.5750000000000001,0.5833333333333334
