Fold,Accuracy,F1_Score,Macro_Precision,Macro_Recall
1,0.14285714285714285,0.06666666666666667,NaN,NaN
2,0.0,0.0,NaN,NaN
3,0.3333333333333333,0.3,0.4,NaN
4,0.3333333333333333,0.2333333333333333,0.4,NaN
Average,0.20238095238095238,0.15,NaN,NaN
