Fold,Accuracy,F1_Score,Macro_Precision,Macro_Recall
1,0.16666666666666666,0.08333333333333333,0.125,NaN
2,0.6,0.4583333333333332,NaN,NaN
3,0.4,0.225,NaN,NaN
4,0.4,0.16666666666666666,NaN,NaN
5,0.2,0.25,0.25,NaN
Average,0.3533333333333333,0.23666666666666664,NaN,NaN
