Fold,Accuracy,F1_Score,Macro_Precision,Macro_Recall
1,0.0,0.0,0.0,NaN
2,0.14285714285714285,0.08333333333333333,0.1111111111111111,0.06666666666666667
3,0.5,0.4000000000000001,0.5,NaN
4,0.16666666666666666,0.11111111111111112,0.16666666666666666,0.08333333333333333
Average,0.20238095238095236,0.14861111111111114,0.19444444444444445,NaN
