Fold,Accuracy,F1_Score,Macro_Precision,Macro_Recall
1,0.3333333333333333,0.2333333333333333,NaN,NaN
2,0.6,0.4,NaN,NaN
3,0.0,0.0,NaN,NaN
4,0.4,0.3,NaN,NaN
5,0.2,0.13333333333333333,0.2,NaN
Average,0.3066666666666667,0.21333333333333332,NaN,NaN
