Fold,Accuracy,F1_Score,Macro_Precision,Macro_Recall
1,0.2857142857142857,0.11111111111111113,NaN,NaN
2,0.42857142857142855,0.15,NaN,NaN
3,0.3333333333333333,0.225,0.375,NaN
4,0.3333333333333333,0.26666666666666666,0.375,NaN
Average,0.3452380952380952,0.18819444444444444,NaN,NaN
