Fold,Accuracy,F1_Score,Macro_Precision,Macro_Recall
1,1.0,1.0,1.0,1.0
2,0.6,0.5833333333333333,0.6666666666666666,0.75
3,0.6,0.5833333333333333,0.5833333333333333,0.5833333333333333
4,0.6,0.5833333333333333,0.5833333333333333,0.5833333333333333
5,0.6,0.5833333333333333,0.6666666666666666,0.75
Average,0.68,0.6666666666666666,0.7,0.7333333333333332
