Fold,Accuracy,F1_Score,Macro_Precision,Macro_Recall
1,0.5,0.3,NaN,NaN
2,0.6,0.3333333333333333,NaN,NaN
3,0.4,0.3,NaN,NaN
4,0.2,0.06666666666666667,NaN,NaN
5,0.4,0.2333333333333333,0.4,NaN
Average,0.42000000000000004,0.24666666666666667,NaN,NaN
