Fold,Accuracy,F1_Score,Macro_Precision,Macro_Recall
1,0.3333333333333333,0.22500000000000003,0.25,NaN
2,0.2222222222222222,0.11111111111111113,NaN,NaN
3,0.5,0.2916666666666666,0.375,NaN
Average,0.35185185185185186,0.20925925925925926,NaN,NaN
