Fold,Accuracy,F1_Score,Macro_Precision,Macro_Recall
1,0.3333333333333333,0.19999999999999998,0.25,NaN
2,0.5555555555555556,0.39166666666666666,NaN,NaN
3,0.25,0.15476190476190477,0.20833333333333331,NaN
Average,0.3796296296296296,0.2488095238095238,NaN,NaN
