Fold,Accuracy,F1_Score,Macro_Precision,Macro_Recall
1,0.3333333333333333,0.2083333333333333,0.25,NaN
2,0.2,0.1,NaN,NaN
3,0.2,0.1,NaN,NaN
4,0.4,0.16666666666666666,NaN,NaN
5,0.4,0.26666666666666666,0.375,NaN
Average,0.30666666666666664,0.1683333333333333,NaN,NaN
