Fold,Accuracy,F1_Score,Macro_Precision,Macro_Recall
1,0.3333333333333333,0.19047619047619047,0.2222222222222222,NaN
2,0.8,0.8222222222222223,0.8333333333333334,0.8888888888888888
3,0.6,0.6666666666666666,0.6666666666666666,0.6666666666666666
4,0.4,0.19047619047619047,0.3333333333333333,NaN
5,0.6,0.611111111111111,0.6666666666666666,0.6666666666666666
Average,0.5466666666666666,0.4961904761904761,0.5444444444444445,NaN
