Fold,Accuracy,F1_Score,Macro_Precision,Macro_Recall
1,0.2222222222222222,0.09999999999999999,0.13333333333333333,NaN
2,0.5555555555555556,0.3933333333333334,NaN,NaN
3,0.5,0.2742857142857143,0.4,NaN
Average,0.4259259259259259,0.25587301587301586,NaN,NaN
