Fold,Accuracy,F1_Score,Macro_Precision,Macro_Recall
1,0.3333333333333333,0.17999999999999997,0.2333333333333333,NaN
2,0.4444444444444444,0.36666666666666664,NaN,0.5
3,0.375,0.3238095238095238,0.4,NaN
Average,0.38425925925925924,0.2901587301587301,NaN,NaN
