Fold,Accuracy,F1_Score,Macro_Precision,Macro_Recall
1,0.3333333333333333,0.11428571428571428,NaN,NaN
2,0.6,0.29333333333333333,NaN,NaN
3,0.0,0.0,NaN,NaN
4,0.4,0.3,NaN,NaN
5,0.4,0.2333333333333333,0.4,NaN
Average,0.3466666666666667,0.18819047619047619,NaN,NaN
