Fold,Accuracy,F1_Score,Macro_Precision,Macro_Recall
1,0.2222222222222222,0.09090909090909093,0.16666666666666666,NaN
2,0.3333333333333333,0.1875,NaN,NaN
3,0.5,0.375,0.41666666666666663,NaN
Average,0.35185185185185186,0.2178030303030303,NaN,NaN
