Fold,Accuracy,F1_Score,Macro_Precision,Macro_Recall
1,0.6666666666666666,0.625,0.6666666666666666,0.8
2,0.8,0.7619047619047619,0.75,0.875
3,0.2,0.16666666666666666,0.16666666666666666,0.16666666666666666
4,0.6,0.5833333333333333,0.5833333333333333,0.5833333333333333
5,0.4,0.4,0.41666666666666663,0.41666666666666663
Average,0.5333333333333333,0.5073809523809524,0.5166666666666666,0.5683333333333332
