Fold,Accuracy,F1_Score,Macro_Precision,Macro_Recall
1,0.5555555555555556,0.5,0.525,0.5357142857142857
2,0.8888888888888888,0.8888888888888891,0.9,0.9
3,0.75,0.75,0.75,0.75
Average,0.7314814814814815,0.7129629629629631,0.725,0.7285714285714286
