Fold,Accuracy,F1_Score,Macro_Precision,Macro_Recall
1,0.3333333333333333,0.2333333333333333,NaN,NaN
2,0.4,0.2,NaN,NaN
3,0.2,0.2,NaN,NaN
4,0.2,0.2,NaN,NaN
5,0.4,0.3,0.4,NaN
Average,0.30666666666666664,0.22666666666666666,NaN,NaN
