Fold,Accuracy,F1_Score,Macro_Precision,Macro_Recall
1,0.42857142857142855,0.2916666666666666,NaN,NaN
2,0.5714285714285714,0.3333333333333333,NaN,NaN
3,0.5,0.2916666666666666,0.375,NaN
4,0.3333333333333333,0.26666666666666666,0.25,NaN
Average,0.4583333333333333,0.2958333333333333,NaN,NaN
