Fold,Accuracy,F1_Score,Macro_Precision,Macro_Recall
1,0.8333333333333334,0.8285714285714284,0.8333333333333333,0.875
2,0.6,0.5833333333333333,0.6666666666666666,0.75
3,0.6,0.5833333333333333,0.5833333333333333,0.5833333333333333
4,0.6,0.5833333333333333,0.5833333333333333,0.5833333333333333
5,0.8,0.8,0.8333333333333333,0.8333333333333333
Average,0.6866666666666668,0.6757142857142856,0.6999999999999998,0.7249999999999999
