Fold,Accuracy,F1_Score,Macro_Precision,Macro_Recall
1,0.4444444444444444,0.3484848484848485,0.4166666666666667,NaN
2,0.4444444444444444,0.3111111111111111,0.3611111111111111,NaN
3,0.125,0.13333333333333333,0.16666666666666666,0.1111111111111111
Average,0.33796296296296297,0.26430976430976433,0.3148148148148148,NaN
