Fold,Accuracy,F1_Score,Macro_Precision,Macro_Recall
1,0.8333333333333334,0.8285714285714284,0.8333333333333333,0.875
2,0.4,0.2857142857142857,0.5,NaN
3,0.8,0.8,0.8333333333333333,0.8333333333333333
4,0.8,0.8,0.8333333333333333,0.8333333333333333
5,0.8,0.7619047619047619,0.75,0.875
Average,0.7266666666666666,0.6952380952380952,0.75,NaN
