Fold,Accuracy,F1_Score,Macro_Precision,Macro_Recall
1,0.3333333333333333,0.2083333333333333,0.25,NaN
2,0.3333333333333333,0.13636363636363635,NaN,NaN
3,0.375,0.2916666666666666,0.375,NaN
Average,0.34722222222222215,0.21212121212121207,NaN,NaN
