Fold,Accuracy,F1_Score,Macro_Precision,Macro_Recall
1,0.5714285714285714,0.5777777777777778,0.6666666666666666,0.5555555555555555
2,0.2857142857142857,0.2619047619047619,0.27777777777777773,0.39999999999999997
3,0.3333333333333333,0.16666666666666666,0.3333333333333333,NaN
4,0.3333333333333333,0.26666666666666666,0.27777777777777773,0.27777777777777773
Average,0.38095238095238093,0.3182539682539683,0.38888888888888884,NaN
