Fold,Accuracy,F1_Score,Macro_Precision,Macro_Recall
1,0.42857142857142855,0.2933333333333334,NaN,NaN
2,0.0,0.0,NaN,NaN
3,0.3333333333333333,0.27999999999999997,0.4,NaN
4,0.3333333333333333,0.19999999999999998,0.4,NaN
Average,0.2738095238095238,0.19333333333333333,NaN,NaN
