Fold,Accuracy,F1_Score,Macro_Precision,Macro_Recall
1,0.4444444444444444,0.3333333333333333,0.3611111111111111,0.3111111111111111
2,0.4444444444444444,0.3333333333333333,0.38888888888888884,NaN
3,0.375,0.18181818181818182,0.3333333333333333,NaN
Average,0.4212962962962963,0.2828282828282828,0.3611111111111111,NaN
