Fold,Accuracy,F1_Score,Macro_Precision,Macro_Recall
1,0.42857142857142855,0.24761904761904763,NaN,NaN
2,0.2857142857142857,0.16,NaN,NaN
3,0.3333333333333333,0.13333333333333333,0.2,NaN
4,0.3333333333333333,0.13333333333333333,0.2,NaN
Average,0.3452380952380952,0.16857142857142857,NaN,NaN
