Fold,Accuracy,F1_Score,Macro_Precision,Macro_Recall
1,0.3333333333333333,0.19047619047619047,0.3333333333333333,NaN
2,0.4,0.19047619047619047,0.3333333333333333,NaN
3,0.6,0.4333333333333334,0.5,NaN
4,0.2,0.11111111111111112,0.16666666666666666,NaN
5,0.2,0.11111111111111112,0.16666666666666666,NaN
Average,0.3466666666666667,0.20730158730158732,0.3,NaN
