Fold,Accuracy,F1_Score,Macro_Precision,Macro_Recall
1,0.2857142857142857,0.11111111111111113,NaN,NaN
2,0.42857142857142855,0.25,NaN,NaN
3,0.3333333333333333,0.25,0.25,NaN
4,0.3333333333333333,0.125,0.25,NaN
Average,0.3452380952380952,0.1840277777777778,NaN,NaN
