Fold,Accuracy,F1_Score,Macro_Precision,Macro_Recall
1,0.2222222222222222,0.13333333333333333,0.16666666666666666,0.1111111111111111
2,0.2222222222222222,0.13333333333333333,0.16666666666666666,NaN
3,0.25,0.2285714285714286,0.27777777777777773,0.19444444444444442
Average,0.23148148148148148,0.16507936507936508,0.2037037037037037,NaN
