Fold,Accuracy,F1_Score,Macro_Precision,Macro_Recall
1,0.2857142857142857,0.16,NaN,NaN
2,0.0,0.0,NaN,NaN
3,0.3333333333333333,0.27999999999999997,0.4,NaN
4,0.3333333333333333,0.21333333333333335,0.4,NaN
Average,0.23809523809523808,0.16333333333333333,NaN,NaN
