Fold,Accuracy,F1_Score,Macro_Precision,Macro_Recall
1,0.6666666666666666,0.7222222222222222,0.7777777777777777,0.8333333333333334
2,0.2,0.13333333333333333,0.16666666666666666,NaN
3,0.2,0.13333333333333333,0.16666666666666666,NaN
4,0.2,0.11111111111111112,0.16666666666666666,NaN
5,0.4,0.3333333333333333,0.5,NaN
Average,0.3333333333333333,0.2866666666666666,0.3555555555555555,NaN
