Fold,Accuracy,F1_Score,Macro_Precision,Macro_Recall
1,0.7142857142857143,0.6746031746031746,0.7777777777777777,0.75
2,0.7142857142857143,0.7000000000000001,0.7222222222222222,0.7222222222222222
3,0.5,0.41269841269841273,0.5,NaN
4,0.16666666666666666,0.16666666666666666,0.16666666666666666,0.16666666666666666
Average,0.5238095238095238,0.48849206349206353,0.5416666666666666,NaN
