Fold,Accuracy,F1_Score,Macro_Precision,Macro_Recall
1,0.5,0.30952380952380953,0.375,NaN
2,0.4,0.35,NaN,NaN
3,0.4,0.26666666666666666,NaN,NaN
4,0.4,0.14285714285714285,NaN,NaN
5,0.2,0.08333333333333333,0.125,NaN
Average,0.38,0.23047619047619045,NaN,NaN
