Fold,Accuracy,F1_Score,Macro_Precision,Macro_Recall
1,0.8571428571428571,0.857142857142857,0.875,0.875
2,0.42857142857142855,0.4166666666666666,0.41666666666666663,0.41666666666666663
3,0.6666666666666666,0.625,0.6666666666666666,0.8
4,0.5,0.3333333333333333,0.5,NaN
Average,0.613095238095238,0.5580357142857142,0.6145833333333333,NaN
